<?xml version="1.0" encoding="UTF-8"?><idempiere Name="WS_WebServiceType" Version="1.0.0" idempiereVersion="2.1.0.qualifier" DataBaseVersion="2014-10-31" Description="" Author="SuperUser" AuthorEmail="servicios@comus.com.ec" CreatedDate="Mon May 14 22:04:35 VET 2018" UpdatedDate="Mon May 14 22:04:35 VET 2018" PackOutVersion="100" UpdateDictionary="true" Client="1000000-PDental Corp-PDental Corp" AD_Client_UU="5c53fe80-833a-4cd7-b3d5-71c40ddcc036">
    <WS_WebServiceType type="table">
        <AD_Org_ID>0</AD_Org_ID>
        <Description/>
        <Help/>
        <IsActive>Y</IsActive>
        <Name>QueryCitas</Name>
        <Value>QueryCitas</Value>
        <WS_WebService_ID reference="id">50001</WS_WebService_ID>
        <WS_WebServiceMethod_ID reference="id">50028</WS_WebServiceMethod_ID>
        <AD_Table_ID reference="uuid" reference-key="AD_Table">08b33a7c-3a62-441b-a49c-b7fb8dfe18dc</AD_Table_ID>
        <WS_WebServiceType_UU>3bc58450-6222-4438-b625-41bf675dd719</WS_WebServiceType_UU>
        <WS_WebService_Para type="table">
            <AD_Org_ID>0</AD_Org_ID>
            <WS_WebServiceType_ID reference="uuid" reference-key="WS_WebServiceType">3bc58450-6222-4438-b625-41bf675dd719</WS_WebServiceType_ID>
            <IsActive>Y</IsActive>
            <ParameterName>Action</ParameterName>
            <ParameterType>C</ParameterType>
            <ConstantValue>Read</ConstantValue>
            <WS_WebService_Para_UU>1a10ea4e-cc22-4c37-9df8-fcdd7be00d33</WS_WebService_Para_UU>
        </WS_WebService_Para>
        <WS_WebService_Para type="table">
            <AD_Org_ID>0</AD_Org_ID>
            <WS_WebServiceType_ID reference="uuid" reference-key="WS_WebServiceType">3bc58450-6222-4438-b625-41bf675dd719</WS_WebServiceType_ID>
            <IsActive>Y</IsActive>
            <ParameterName>RecordID</ParameterName>
            <ParameterType>F</ParameterType>
            <ConstantValue/>
            <WS_WebService_Para_UU>27443096-1217-4172-8c41-84834719b36c</WS_WebService_Para_UU>
        </WS_WebService_Para>
        <WS_WebService_Para type="table">
            <AD_Org_ID>0</AD_Org_ID>
            <WS_WebServiceType_ID reference="uuid" reference-key="WS_WebServiceType">3bc58450-6222-4438-b625-41bf675dd719</WS_WebServiceType_ID>
            <IsActive>Y</IsActive>
            <ParameterName>TableName</ParameterName>
            <ParameterType>C</ParameterType>
            <ConstantValue>Comus_CitasAndroid</ConstantValue>
            <WS_WebService_Para_UU>6c04b7e4-568e-4d33-95e5-0b8ef6251e20</WS_WebService_Para_UU>
        </WS_WebService_Para>
        <WS_WebServiceFieldInput type="table">
            <AD_Org_ID>0</AD_Org_ID>
            <WS_WebServiceType_ID reference="uuid" reference-key="WS_WebServiceType">3bc58450-6222-4438-b625-41bf675dd719</WS_WebServiceType_ID>
            <IsActive>Y</IsActive>
            <AD_Column_ID reference="uuid" reference-key="AD_Column">43a5b7ff-91fc-4ab8-8717-f42decb05ea6</AD_Column_ID>
            <AD_Reference_ID reference="id"/>
            <ColumnName/>
            <IdentifierLogic/>
            <IsIdentifier>N</IsIdentifier>
            <IsNullIdentifier>N</IsNullIdentifier>
            <WS_WebServiceFieldInput_UU>c94ec6f8-7b3d-4b17-92cf-3f69a229d885</WS_WebServiceFieldInput_UU>
            <AD_Reference_Value_ID reference="id"/>
        </WS_WebServiceFieldInput>
        <WS_WebServiceFieldInput type="table">
            <AD_Org_ID>0</AD_Org_ID>
            <WS_WebServiceType_ID reference="uuid" reference-key="WS_WebServiceType">3bc58450-6222-4438-b625-41bf675dd719</WS_WebServiceType_ID>
            <IsActive>Y</IsActive>
            <AD_Column_ID reference="uuid" reference-key="AD_Column">5da20079-8fa5-466f-ac8b-38216e0e2510</AD_Column_ID>
            <AD_Reference_ID reference="id"/>
            <ColumnName/>
            <IdentifierLogic/>
            <IsIdentifier>N</IsIdentifier>
            <IsNullIdentifier>N</IsNullIdentifier>
            <WS_WebServiceFieldInput_UU>fdcd05db-6887-4db4-ab91-126c9ce06efb</WS_WebServiceFieldInput_UU>
            <AD_Reference_Value_ID reference="id"/>
        </WS_WebServiceFieldInput>
        <WS_WebServiceFieldOutput type="table">
            <AD_Org_ID>0</AD_Org_ID>
            <AD_Column_ID reference="uuid" reference-key="AD_Column">90826703-e2b2-4e82-859c-8754797e7ed1</AD_Column_ID>
            <IsActive>Y</IsActive>
            <WS_WebServiceType_ID reference="uuid" reference-key="WS_WebServiceType">3bc58450-6222-4438-b625-41bf675dd719</WS_WebServiceType_ID>
            <WS_WebServiceFieldOutput_UU>2ab00c4a-a565-431d-b0cb-d7129110338d</WS_WebServiceFieldOutput_UU>
        </WS_WebServiceFieldOutput>
        <WS_WebServiceFieldOutput type="table">
            <AD_Org_ID>0</AD_Org_ID>
            <AD_Column_ID reference="uuid" reference-key="AD_Column">cc7927a8-496b-4b12-8838-851c6729fd57</AD_Column_ID>
            <IsActive>Y</IsActive>
            <WS_WebServiceType_ID reference="uuid" reference-key="WS_WebServiceType">3bc58450-6222-4438-b625-41bf675dd719</WS_WebServiceType_ID>
            <WS_WebServiceFieldOutput_UU>b87d9c49-6ff4-4da8-adac-079e584d08e8</WS_WebServiceFieldOutput_UU>
        </WS_WebServiceFieldOutput>
        <WS_WebServiceFieldOutput type="table">
            <AD_Org_ID>0</AD_Org_ID>
            <AD_Column_ID reference="uuid" reference-key="AD_Column">9a020395-1438-4440-9ac6-340074aa92f4</AD_Column_ID>
            <IsActive>Y</IsActive>
            <WS_WebServiceType_ID reference="uuid" reference-key="WS_WebServiceType">3bc58450-6222-4438-b625-41bf675dd719</WS_WebServiceType_ID>
            <WS_WebServiceFieldOutput_UU>9fb4c036-20a1-4cac-a5d8-b1336c816ba5</WS_WebServiceFieldOutput_UU>
        </WS_WebServiceFieldOutput>
        <WS_WebServiceTypeAccess type="table">
            <AD_Org_ID>0</AD_Org_ID>
            <AD_Role_ID reference="uuid" reference-key="AD_Role">da2d39cd-48e6-4533-87b7-99d8a3ea7398</AD_Role_ID>
            <WS_WebServiceType_ID reference="uuid" reference-key="WS_WebServiceType">3bc58450-6222-4438-b625-41bf675dd719</WS_WebServiceType_ID>
            <IsActive>Y</IsActive>
            <IsReadWrite>Y</IsReadWrite>
            <WS_WebServiceTypeAccess_UU>c891177d-1bbb-4e95-93c2-3a05b10c66be</WS_WebServiceTypeAccess_UU>
        </WS_WebServiceTypeAccess>
    </WS_WebServiceType>
</idempiere>
