<?xml version="1.0" encoding="UTF-8"?><idempiere Name="AD_Table" Version="1.0.0" idempiereVersion="2.1.0.qualifier" DataBaseVersion="2014-10-31" Description="" Author="SuperUser" AuthorEmail="servicios@comus.com.ec" CreatedDate="Tue May 15 12:24:40 VET 2018" UpdatedDate="Tue May 15 12:24:40 VET 2018" PackOutVersion="100" UpdateDictionary="true" Client="0-SYSTEM-System" AD_Client_UU="11237b53-9592-4af1-b3c5-afd216514b5d">
    <AD_Table type="table">
        <AD_Client_ID>0</AD_Client_ID>
        <AD_Org_ID>0</AD_Org_ID>
        <Name>Citas Android</Name>
        <Description/>
        <Help/>
        <AD_Window_ID reference="id"/>
        <AD_Val_Rule_ID reference="id"/>
        <TableName>Comus_CitasAndroid</TableName>
        <LoadSeq>0</LoadSeq>
        <AccessLevel>3</AccessLevel>
        <IsActive>Y</IsActive>
        <IsSecurityEnabled>N</IsSecurityEnabled>
        <IsDeleteable>N</IsDeleteable>
        <IsHighVolume>N</IsHighVolume>
        <IsView>Y</IsView>
        <EntityType>U</EntityType>
        <ImportTable>N</ImportTable>
        <IsChangeLog>N</IsChangeLog>
        <ReplicationType>L</ReplicationType>
        <PO_Window_ID reference="id"/>
        <CopyColumnsFromTable>N</CopyColumnsFromTable>
        <IsCentrallyMaintained>Y</IsCentrallyMaintained>
        <AD_Table_UU>08b33a7c-3a62-441b-a49c-b7fb8dfe18dc</AD_Table_UU>
        <Processing>N</Processing>
        <DatabaseViewDrop>N</DatabaseViewDrop>
        <AD_Element type="table">
            <AD_Element_ID>102</AD_Element_ID>
            <AD_Client_ID>0</AD_Client_ID>
            <AD_Org_ID>0</AD_Org_ID>
            <AD_Element_ID>102</AD_Element_ID>
            <IsActive>Y</IsActive>
            <ColumnName>AD_Client_ID</ColumnName>
            <Name>Client</Name>
            <Description>Client/Tenant for this installation.</Description>
            <Help>A Client is a company or a legal entity. You cannot share data between Clients. Tenant is a synonym for Client.</Help>
            <PrintName>Client</PrintName>
            <PO_Description/>
            <PO_Help/>
            <PO_Name/>
            <PO_PrintName/>
            <EntityType>D</EntityType>
            <AD_Element_UU>c46491d1-7547-4374-88fd-cbc701d47d7f</AD_Element_UU>
            <AD_Element_Trl type="translation">
                <PO_Name/>
                <Name>Compañía</Name>
                <Description>Compañía para esta instalación</Description>
                <PO_PrintName/>
                <PrintName>Compañía</PrintName>
                <PO_Help/>
                <Help>Compañía o entidad legal. No se pueden compartir datos entre diferentes compañías.</Help>
                <PO_Description/>
                <AD_Language>es_EC</AD_Language>
                <IsActive>Y</IsActive>
                <IsTranslated>N</IsTranslated>
            </AD_Element_Trl>
        </AD_Element>
        <AD_Reference type="table">
            <AD_Reference_ID>19</AD_Reference_ID>
            <AD_Client_ID>0</AD_Client_ID>
            <AD_Org_ID>0</AD_Org_ID>
            <AD_Reference_ID>19</AD_Reference_ID>
            <Name>Table Direct</Name>
            <Description>Direct Table Access</Description>
            <Help/>
            <ValidationType>D</ValidationType>
            <IsActive>Y</IsActive>
            <VFormat/>
            <EntityType>D</EntityType>
            <IsOrderByValue>N</IsOrderByValue>
            <AD_Reference_UU>85767149-7019-4224-a8d0-41f0d9d77d47</AD_Reference_UU>
            <AD_Reference_Trl type="translation">
                <Help/>
                <Name>Tabla Directa</Name>
                <Description>Acceso directo de tabla</Description>
                <AD_Language>es_EC</AD_Language>
                <IsActive>Y</IsActive>
                <IsTranslated>Y</IsTranslated>
            </AD_Reference_Trl>
        </AD_Reference>
        <AD_Val_Rule type="table">
            <AD_Val_Rule_ID>129</AD_Val_Rule_ID>
            <AD_Client_ID>0</AD_Client_ID>
            <AD_Org_ID>0</AD_Org_ID>
            <AD_Val_Rule_ID>129</AD_Val_Rule_ID>
            <Name>AD_Client Trx Security validation</Name>
            <Description/>
            <Type>S</Type>
            <Code>AD_Client.AD_Client_ID &lt;&gt; 0</Code>
            <IsActive>Y</IsActive>
            <EntityType>D</EntityType>
            <AD_Val_Rule_UU>b76d3024-228c-45da-a425-72be4ff19a4e</AD_Val_Rule_UU>
        </AD_Val_Rule>
        <AD_Column type="table">
            <IsSyncDatabase>Y</IsSyncDatabase>
            <AD_Table_ID reference="uuid" reference-key="AD_Table">08b33a7c-3a62-441b-a49c-b7fb8dfe18dc</AD_Table_ID>
            <AD_Reference_Value_ID reference="id"/>
            <AD_Client_ID>0</AD_Client_ID>
            <AD_Org_ID>0</AD_Org_ID>
            <Version>0.0</Version>
            <Name>Client</Name>
            <Description>Client/Tenant for this installation.</Description>
            <Help>A Client is a company or a legal entity. You cannot share data between Clients. Tenant is a synonym for Client.</Help>
            <AD_Val_Rule_ID reference="id">129</AD_Val_Rule_ID>
            <ColumnName>AD_Client_ID</ColumnName>
            <DefaultValue>@#AD_Client_ID@</DefaultValue>
            <FieldLength>10</FieldLength>
            <IsKey>N</IsKey>
            <IsParent>N</IsParent>
            <IsMandatory>N</IsMandatory>
            <IsTranslated>N</IsTranslated>
            <IsIdentifier>N</IsIdentifier>
            <SeqNo/>
            <IsEncrypted>N</IsEncrypted>
            <AD_Reference_ID reference="id">19</AD_Reference_ID>
            <IsActive>Y</IsActive>
            <VFormat/>
            <Callout/>
            <AD_Element_ID reference="id">102</AD_Element_ID>
            <IsUpdateable>N</IsUpdateable>
            <AD_Process_ID reference="id"/>
            <ValueMin/>
            <ValueMax/>
            <IsSelectionColumn>N</IsSelectionColumn>
            <ReadOnlyLogic/>
            <EntityType>U</EntityType>
            <IsAlwaysUpdateable>N</IsAlwaysUpdateable>
            <ColumnSQL/>
            <MandatoryLogic/>
            <IsAutocomplete>N</IsAutocomplete>
            <IsAllowLogging>Y</IsAllowLogging>
            <FormatPattern/>
            <AD_Chart_ID reference="id"/>
            <AD_Column_UU>2e3f226d-f770-429b-9851-828054ef1b69</AD_Column_UU>
            <IsAllowCopy>Y</IsAllowCopy>
            <SeqNoSelection/>
            <IsToolbarButton>N</IsToolbarButton>
            <IsSecure>N</IsSecure>
            <FKConstraintName/>
            <FKConstraintType>N</FKConstraintType>
        </AD_Column>
        <AD_Element type="table">
            <AD_Element_ID>113</AD_Element_ID>
            <AD_Client_ID>0</AD_Client_ID>
            <AD_Org_ID>0</AD_Org_ID>
            <AD_Element_ID>113</AD_Element_ID>
            <IsActive>Y</IsActive>
            <ColumnName>AD_Org_ID</ColumnName>
            <Name>Organization</Name>
            <Description>Organizational entity within client</Description>
            <Help>An organization is a unit of your client or legal entity - examples are store, department. You can share data between organizations.</Help>
            <PrintName>Organization</PrintName>
            <PO_Description/>
            <PO_Help/>
            <PO_Name/>
            <PO_PrintName/>
            <EntityType>D</EntityType>
            <AD_Element_UU>d8103f72-3282-4298-9ed4-360b12abc9d2</AD_Element_UU>
            <AD_Element_Trl type="translation">
                <PO_Name/>
                <Name>Organización</Name>
                <Description>Entidad organizacional dentro de la compañía</Description>
                <PO_PrintName/>
                <PrintName>Organización</PrintName>
                <PO_Help/>
                <Help>Una organización es una unidad de la compañía o entidad legal - Ej. Tiendas y departamentos. Es posible compartir datos entre organizaciones.</Help>
                <PO_Description/>
                <AD_Language>es_EC</AD_Language>
                <IsActive>Y</IsActive>
                <IsTranslated>N</IsTranslated>
            </AD_Element_Trl>
        </AD_Element>
        <AD_Val_Rule type="table">
            <AD_Val_Rule_ID>104</AD_Val_Rule_ID>
            <AD_Client_ID>0</AD_Client_ID>
            <AD_Org_ID>0</AD_Org_ID>
            <AD_Val_Rule_ID>104</AD_Val_Rule_ID>
            <Name>AD_Org Security validation</Name>
            <Description>Not Summary - 0 - Organizations of the Client with user acces rights</Description>
            <Type>S</Type>
            <Code>(AD_Org.IsSummary='N' OR AD_Org.AD_Org_ID=0)</Code>
            <IsActive>Y</IsActive>
            <EntityType>D</EntityType>
            <AD_Val_Rule_UU>1659bffc-9c08-4316-9cda-196af0515928</AD_Val_Rule_UU>
        </AD_Val_Rule>
        <AD_Column type="table">
            <IsSyncDatabase>Y</IsSyncDatabase>
            <AD_Table_ID reference="uuid" reference-key="AD_Table">08b33a7c-3a62-441b-a49c-b7fb8dfe18dc</AD_Table_ID>
            <AD_Reference_Value_ID reference="id"/>
            <AD_Client_ID>0</AD_Client_ID>
            <AD_Org_ID>0</AD_Org_ID>
            <Version>0.0</Version>
            <Name>Organization</Name>
            <Description>Organizational entity within client</Description>
            <Help>An organization is a unit of your client or legal entity - examples are store, department. You can share data between organizations.</Help>
            <AD_Val_Rule_ID reference="id">104</AD_Val_Rule_ID>
            <ColumnName>AD_Org_ID</ColumnName>
            <DefaultValue>@#AD_Org_ID@</DefaultValue>
            <FieldLength>10</FieldLength>
            <IsKey>N</IsKey>
            <IsParent>N</IsParent>
            <IsMandatory>N</IsMandatory>
            <IsTranslated>N</IsTranslated>
            <IsIdentifier>N</IsIdentifier>
            <SeqNo/>
            <IsEncrypted>N</IsEncrypted>
            <AD_Reference_ID reference="id">19</AD_Reference_ID>
            <IsActive>Y</IsActive>
            <VFormat/>
            <Callout/>
            <AD_Element_ID reference="id">113</AD_Element_ID>
            <IsUpdateable>N</IsUpdateable>
            <AD_Process_ID reference="id"/>
            <ValueMin/>
            <ValueMax/>
            <IsSelectionColumn>N</IsSelectionColumn>
            <ReadOnlyLogic/>
            <EntityType>U</EntityType>
            <IsAlwaysUpdateable>N</IsAlwaysUpdateable>
            <ColumnSQL/>
            <MandatoryLogic/>
            <IsAutocomplete>N</IsAutocomplete>
            <IsAllowLogging>Y</IsAllowLogging>
            <FormatPattern/>
            <AD_Chart_ID reference="id"/>
            <AD_Column_UU>2cbbb7cf-d8ab-4529-9e18-56aaf00fa331</AD_Column_UU>
            <IsAllowCopy>Y</IsAllowCopy>
            <SeqNoSelection/>
            <IsToolbarButton>N</IsToolbarButton>
            <IsSecure>N</IsSecure>
            <FKConstraintName/>
            <FKConstraintType>N</FKConstraintType>
        </AD_Column>
        <AD_Element type="table">
            <AD_Element_ID>348</AD_Element_ID>
            <AD_Client_ID>0</AD_Client_ID>
            <AD_Org_ID>0</AD_Org_ID>
            <AD_Element_ID>348</AD_Element_ID>
            <IsActive>Y</IsActive>
            <ColumnName>IsActive</ColumnName>
            <Name>Active</Name>
            <Description>The record is active in the system</Description>
            <Help>There are two methods of making records unavailable in the system: One is to delete the record, the other is to de-activate the record. A de-activated record is not available for selection, but available for reports.
There are two reasons for de-activating and not deleting records:
(1) The system requires the record for audit purposes.
(2) The record is referenced by other records. E.g., you cannot delete a Business Partner, if there are invoices for this partner record existing. You de-activate the Business Partner and prevent that this record is used for future entries.</Help>
            <PrintName>Active</PrintName>
            <PO_Description/>
            <PO_Help/>
            <PO_Name/>
            <PO_PrintName/>
            <EntityType>D</EntityType>
            <AD_Element_UU>b31f7d52-846f-40ac-b1d2-33bae38a247e</AD_Element_UU>
            <AD_Element_Trl type="translation">
                <PO_Name/>
                <Name>Activo</Name>
                <Description>El registro está activo en el sistema</Description>
                <PO_PrintName/>
                <PrintName>Activo</PrintName>
                <PO_Help/>
                <Help>Hay dos métodos para que los registros no estén disponibles en el sistema: Uno es eliminar el registro; el otro es desactivarlo. Un registro desactivado no está disponible para selección; pero está disponible para Informes</Help>
                <PO_Description/>
                <AD_Language>es_EC</AD_Language>
                <IsActive>Y</IsActive>
                <IsTranslated>N</IsTranslated>
            </AD_Element_Trl>
        </AD_Element>
        <AD_Reference type="table">
            <AD_Reference_ID>20</AD_Reference_ID>
            <AD_Client_ID>0</AD_Client_ID>
            <AD_Org_ID>0</AD_Org_ID>
            <AD_Reference_ID>20</AD_Reference_ID>
            <Name>Yes-No</Name>
            <Description>CheckBox</Description>
            <Help/>
            <ValidationType>D</ValidationType>
            <IsActive>Y</IsActive>
            <VFormat/>
            <EntityType>D</EntityType>
            <IsOrderByValue>N</IsOrderByValue>
            <AD_Reference_UU>1dab6dbd-8d84-4ba5-87df-e2ca93d2c976</AD_Reference_UU>
            <AD_Reference_Trl type="translation">
                <Help/>
                <Name>Si/No</Name>
                <Description>Cuadro de Verificación</Description>
                <AD_Language>es_EC</AD_Language>
                <IsActive>Y</IsActive>
                <IsTranslated>N</IsTranslated>
            </AD_Reference_Trl>
        </AD_Reference>
        <AD_Column type="table">
            <IsSyncDatabase>Y</IsSyncDatabase>
            <AD_Table_ID reference="uuid" reference-key="AD_Table">08b33a7c-3a62-441b-a49c-b7fb8dfe18dc</AD_Table_ID>
            <AD_Reference_Value_ID reference="id"/>
            <AD_Client_ID>0</AD_Client_ID>
            <AD_Org_ID>0</AD_Org_ID>
            <Version>0.0</Version>
            <Name>Active</Name>
            <Description>The record is active in the system</Description>
            <Help>There are two methods of making records unavailable in the system: One is to delete the record, the other is to de-activate the record. A de-activated record is not available for selection, but available for reports.
There are two reasons for de-activating and not deleting records:
(1) The system requires the record for audit purposes.
(2) The record is referenced by other records. E.g., you cannot delete a Business Partner, if there are invoices for this partner record existing. You de-activate the Business Partner and prevent that this record is used for future entries.</Help>
            <AD_Val_Rule_ID reference="id"/>
            <ColumnName>IsActive</ColumnName>
            <DefaultValue>Y</DefaultValue>
            <FieldLength>1</FieldLength>
            <IsKey>N</IsKey>
            <IsParent>N</IsParent>
            <IsMandatory>N</IsMandatory>
            <IsTranslated>N</IsTranslated>
            <IsIdentifier>N</IsIdentifier>
            <SeqNo/>
            <IsEncrypted>N</IsEncrypted>
            <AD_Reference_ID reference="id">20</AD_Reference_ID>
            <IsActive>Y</IsActive>
            <VFormat/>
            <Callout/>
            <AD_Element_ID reference="id">348</AD_Element_ID>
            <IsUpdateable>N</IsUpdateable>
            <AD_Process_ID reference="id"/>
            <ValueMin/>
            <ValueMax/>
            <IsSelectionColumn>N</IsSelectionColumn>
            <ReadOnlyLogic/>
            <EntityType>U</EntityType>
            <IsAlwaysUpdateable>N</IsAlwaysUpdateable>
            <ColumnSQL/>
            <MandatoryLogic/>
            <IsAutocomplete>N</IsAutocomplete>
            <IsAllowLogging>Y</IsAllowLogging>
            <FormatPattern/>
            <AD_Chart_ID reference="id"/>
            <AD_Column_UU>788e82f1-ee4a-4432-92c4-e0df888279d0</AD_Column_UU>
            <IsAllowCopy>Y</IsAllowCopy>
            <SeqNoSelection/>
            <IsToolbarButton>N</IsToolbarButton>
            <IsSecure>N</IsSecure>
            <FKConstraintName/>
            <FKConstraintType>N</FKConstraintType>
        </AD_Column>
        <AD_Element type="table">
            <AD_Element_ID>245</AD_Element_ID>
            <AD_Client_ID>0</AD_Client_ID>
            <AD_Org_ID>0</AD_Org_ID>
            <AD_Element_ID>245</AD_Element_ID>
            <IsActive>Y</IsActive>
            <ColumnName>Created</ColumnName>
            <Name>Created</Name>
            <Description>Date this record was created</Description>
            <Help>The Created field indicates the date that this record was created.</Help>
            <PrintName>Created</PrintName>
            <PO_Description/>
            <PO_Help/>
            <PO_Name/>
            <PO_PrintName/>
            <EntityType>D</EntityType>
            <AD_Element_UU>bcfaa0fc-0857-4d34-8aaf-ca62953ec9ea</AD_Element_UU>
            <AD_Element_Trl type="translation">
                <PO_Name/>
                <Name>Creado</Name>
                <Description>Fecha de creación de este registro</Description>
                <PO_PrintName/>
                <PrintName>Creado</PrintName>
                <PO_Help/>
                <Help>El campo creado indica la fecha en que este registro fue creado</Help>
                <PO_Description/>
                <AD_Language>es_EC</AD_Language>
                <IsActive>Y</IsActive>
                <IsTranslated>N</IsTranslated>
            </AD_Element_Trl>
        </AD_Element>
        <AD_Reference type="table">
            <AD_Reference_ID>16</AD_Reference_ID>
            <AD_Client_ID>0</AD_Client_ID>
            <AD_Org_ID>0</AD_Org_ID>
            <AD_Reference_ID>16</AD_Reference_ID>
            <Name>Date+Time</Name>
            <Description>Date with time</Description>
            <Help/>
            <ValidationType>D</ValidationType>
            <IsActive>Y</IsActive>
            <VFormat/>
            <EntityType>D</EntityType>
            <IsOrderByValue>N</IsOrderByValue>
            <AD_Reference_UU>9e410fd2-9e6c-4b19-842a-ef4634405244</AD_Reference_UU>
            <AD_Reference_Trl type="translation">
                <Help/>
                <Name>Fecha+Hora</Name>
                <Description>Fecha con hora</Description>
                <AD_Language>es_EC</AD_Language>
                <IsActive>Y</IsActive>
                <IsTranslated>N</IsTranslated>
            </AD_Reference_Trl>
        </AD_Reference>
        <AD_Column type="table">
            <IsSyncDatabase>Y</IsSyncDatabase>
            <AD_Table_ID reference="uuid" reference-key="AD_Table">08b33a7c-3a62-441b-a49c-b7fb8dfe18dc</AD_Table_ID>
            <AD_Reference_Value_ID reference="id"/>
            <AD_Client_ID>0</AD_Client_ID>
            <AD_Org_ID>0</AD_Org_ID>
            <Version>0.0</Version>
            <Name>Created</Name>
            <Description>Date this record was created</Description>
            <Help>The Created field indicates the date that this record was created.</Help>
            <AD_Val_Rule_ID reference="id"/>
            <ColumnName>Created</ColumnName>
            <DefaultValue>SYSDATE</DefaultValue>
            <FieldLength>29</FieldLength>
            <IsKey>N</IsKey>
            <IsParent>N</IsParent>
            <IsMandatory>N</IsMandatory>
            <IsTranslated>N</IsTranslated>
            <IsIdentifier>N</IsIdentifier>
            <SeqNo/>
            <IsEncrypted>N</IsEncrypted>
            <AD_Reference_ID reference="id">16</AD_Reference_ID>
            <IsActive>Y</IsActive>
            <VFormat/>
            <Callout/>
            <AD_Element_ID reference="id">245</AD_Element_ID>
            <IsUpdateable>N</IsUpdateable>
            <AD_Process_ID reference="id"/>
            <ValueMin/>
            <ValueMax/>
            <IsSelectionColumn>N</IsSelectionColumn>
            <ReadOnlyLogic/>
            <EntityType>U</EntityType>
            <IsAlwaysUpdateable>N</IsAlwaysUpdateable>
            <ColumnSQL/>
            <MandatoryLogic/>
            <IsAutocomplete>N</IsAutocomplete>
            <IsAllowLogging>Y</IsAllowLogging>
            <FormatPattern/>
            <AD_Chart_ID reference="id"/>
            <AD_Column_UU>b5c8cba1-a31e-4e2e-aa5f-7b350569ba27</AD_Column_UU>
            <IsAllowCopy>Y</IsAllowCopy>
            <SeqNoSelection/>
            <IsToolbarButton>N</IsToolbarButton>
            <IsSecure>N</IsSecure>
            <FKConstraintName/>
            <FKConstraintType>N</FKConstraintType>
        </AD_Column>
        <AD_Element type="table">
            <AD_Element_ID>246</AD_Element_ID>
            <AD_Client_ID>0</AD_Client_ID>
            <AD_Org_ID>0</AD_Org_ID>
            <AD_Element_ID>246</AD_Element_ID>
            <IsActive>Y</IsActive>
            <ColumnName>CreatedBy</ColumnName>
            <Name>Created By</Name>
            <Description>User who created this records</Description>
            <Help>The Created By field indicates the user who created this record.</Help>
            <PrintName>Created By</PrintName>
            <PO_Description/>
            <PO_Help/>
            <PO_Name/>
            <PO_PrintName/>
            <EntityType>D</EntityType>
            <AD_Element_UU>7d1537a0-5d13-4a79-a578-1ceb55dd59a2</AD_Element_UU>
            <AD_Element_Trl type="translation">
                <PO_Name/>
                <Name>Creado Por</Name>
                <Description>Usuario que creó este registro</Description>
                <PO_PrintName/>
                <PrintName>Creado Por</PrintName>
                <PO_Help/>
                <Help>El campo creado por indica el usuario que creó este registro</Help>
                <PO_Description/>
                <AD_Language>es_EC</AD_Language>
                <IsActive>Y</IsActive>
                <IsTranslated>N</IsTranslated>
            </AD_Element_Trl>
        </AD_Element>
        <AD_Reference type="table">
            <AD_Reference_ID>18</AD_Reference_ID>
            <AD_Client_ID>0</AD_Client_ID>
            <AD_Org_ID>0</AD_Org_ID>
            <AD_Reference_ID>18</AD_Reference_ID>
            <Name>Table</Name>
            <Description>Table List</Description>
            <Help/>
            <ValidationType>D</ValidationType>
            <IsActive>Y</IsActive>
            <VFormat/>
            <EntityType>D</EntityType>
            <IsOrderByValue>N</IsOrderByValue>
            <AD_Reference_UU>d79e151d-6401-4e9f-8549-15357111a1ed</AD_Reference_UU>
            <AD_Reference_Trl type="translation">
                <Help/>
                <Name>Tabla</Name>
                <Description>Lista de Tablas</Description>
                <AD_Language>es_EC</AD_Language>
                <IsActive>Y</IsActive>
                <IsTranslated>N</IsTranslated>
            </AD_Reference_Trl>
        </AD_Reference>
        <AD_Reference type="table">
            <AD_Reference_ID>110</AD_Reference_ID>
            <AD_Client_ID>0</AD_Client_ID>
            <AD_Org_ID>0</AD_Org_ID>
            <AD_Reference_ID>110</AD_Reference_ID>
            <Name>AD_User</Name>
            <Description>User selection</Description>
            <Help/>
            <ValidationType>T</ValidationType>
            <IsActive>Y</IsActive>
            <VFormat/>
            <EntityType>D</EntityType>
            <IsOrderByValue>N</IsOrderByValue>
            <AD_Reference_UU>3f317876-0b22-44c2-95bb-4201bf9ca37b</AD_Reference_UU>
            <AD_Reference_Trl type="translation">
                <Help/>
                <Name>AD_User</Name>
                <Description>Selección de Usuario</Description>
                <AD_Language>es_EC</AD_Language>
                <IsActive>Y</IsActive>
                <IsTranslated>N</IsTranslated>
            </AD_Reference_Trl>
            <AD_Ref_Table type="table">
                <AD_Reference_ID>110</AD_Reference_ID>
                <AD_Client_ID>0</AD_Client_ID>
                <AD_Org_ID>0</AD_Org_ID>
                <AD_Reference_ID reference="id">110</AD_Reference_ID>
                <AD_Table_ID reference="id">114</AD_Table_ID>
                <WhereClause/>
                <OrderByClause>AD_User.Name</OrderByClause>
                <IsActive>Y</IsActive>
                <IsValueDisplayed>N</IsValueDisplayed>
                <EntityType>D</EntityType>
                <AD_Window_ID reference="id"/>
                <AD_Ref_Table_UU>52e00306-c282-4086-9eb4-2ffa599cd5c5</AD_Ref_Table_UU>
                <AD_InfoWindow_ID reference="id"/>
                <AD_Display reference="id">213</AD_Display>
                <AD_Key reference="id">212</AD_Key>
            </AD_Ref_Table>
        </AD_Reference>
        <AD_Column type="table">
            <IsSyncDatabase>Y</IsSyncDatabase>
            <AD_Table_ID reference="uuid" reference-key="AD_Table">08b33a7c-3a62-441b-a49c-b7fb8dfe18dc</AD_Table_ID>
            <AD_Reference_Value_ID reference="id">110</AD_Reference_Value_ID>
            <AD_Client_ID>0</AD_Client_ID>
            <AD_Org_ID>0</AD_Org_ID>
            <Version>0.0</Version>
            <Name>Created By</Name>
            <Description>User who created this records</Description>
            <Help>The Created By field indicates the user who created this record.</Help>
            <AD_Val_Rule_ID reference="id"/>
            <ColumnName>CreatedBy</ColumnName>
            <DefaultValue/>
            <FieldLength>10</FieldLength>
            <IsKey>N</IsKey>
            <IsParent>N</IsParent>
            <IsMandatory>N</IsMandatory>
            <IsTranslated>N</IsTranslated>
            <IsIdentifier>N</IsIdentifier>
            <SeqNo/>
            <IsEncrypted>N</IsEncrypted>
            <AD_Reference_ID reference="id">18</AD_Reference_ID>
            <IsActive>Y</IsActive>
            <VFormat/>
            <Callout/>
            <AD_Element_ID reference="id">246</AD_Element_ID>
            <IsUpdateable>N</IsUpdateable>
            <AD_Process_ID reference="id"/>
            <ValueMin/>
            <ValueMax/>
            <IsSelectionColumn>N</IsSelectionColumn>
            <ReadOnlyLogic/>
            <EntityType>U</EntityType>
            <IsAlwaysUpdateable>N</IsAlwaysUpdateable>
            <ColumnSQL/>
            <MandatoryLogic/>
            <IsAutocomplete>N</IsAutocomplete>
            <IsAllowLogging>Y</IsAllowLogging>
            <FormatPattern/>
            <AD_Chart_ID reference="id"/>
            <AD_Column_UU>a9149393-c926-47e7-9842-1d7a484a5c3d</AD_Column_UU>
            <IsAllowCopy>Y</IsAllowCopy>
            <SeqNoSelection/>
            <IsToolbarButton>N</IsToolbarButton>
            <IsSecure>N</IsSecure>
            <FKConstraintName/>
            <FKConstraintType>N</FKConstraintType>
        </AD_Column>
        <AD_Element type="table">
            <AD_Element_ID>607</AD_Element_ID>
            <AD_Client_ID>0</AD_Client_ID>
            <AD_Org_ID>0</AD_Org_ID>
            <AD_Element_ID>607</AD_Element_ID>
            <IsActive>Y</IsActive>
            <ColumnName>Updated</ColumnName>
            <Name>Updated</Name>
            <Description>Date this record was updated</Description>
            <Help>The Updated field indicates the date that this record was updated.</Help>
            <PrintName>Updated</PrintName>
            <PO_Description/>
            <PO_Help/>
            <PO_Name/>
            <PO_PrintName/>
            <EntityType>D</EntityType>
            <AD_Element_UU>ef178cde-f302-4224-ad8f-49e6f319b7b6</AD_Element_UU>
            <AD_Element_Trl type="translation">
                <PO_Name/>
                <Name>Actualizado</Name>
                <Description>Permite ver si algún registro en especifico esta actualizado</Description>
                <PO_PrintName/>
                <PrintName>Actualizado</PrintName>
                <PO_Help/>
                <Help>Permite ver si algún registro en especifico esta actualizado</Help>
                <PO_Description/>
                <AD_Language>es_EC</AD_Language>
                <IsActive>Y</IsActive>
                <IsTranslated>N</IsTranslated>
            </AD_Element_Trl>
        </AD_Element>
        <AD_Column type="table">
            <IsSyncDatabase>Y</IsSyncDatabase>
            <AD_Table_ID reference="uuid" reference-key="AD_Table">08b33a7c-3a62-441b-a49c-b7fb8dfe18dc</AD_Table_ID>
            <AD_Reference_Value_ID reference="id"/>
            <AD_Client_ID>0</AD_Client_ID>
            <AD_Org_ID>0</AD_Org_ID>
            <Version>0.0</Version>
            <Name>Updated</Name>
            <Description>Date this record was updated</Description>
            <Help>The Updated field indicates the date that this record was updated.</Help>
            <AD_Val_Rule_ID reference="id"/>
            <ColumnName>Updated</ColumnName>
            <DefaultValue>SYSDATE</DefaultValue>
            <FieldLength>29</FieldLength>
            <IsKey>N</IsKey>
            <IsParent>N</IsParent>
            <IsMandatory>N</IsMandatory>
            <IsTranslated>N</IsTranslated>
            <IsIdentifier>N</IsIdentifier>
            <SeqNo/>
            <IsEncrypted>N</IsEncrypted>
            <AD_Reference_ID reference="id">16</AD_Reference_ID>
            <IsActive>Y</IsActive>
            <VFormat/>
            <Callout/>
            <AD_Element_ID reference="id">607</AD_Element_ID>
            <IsUpdateable>N</IsUpdateable>
            <AD_Process_ID reference="id"/>
            <ValueMin/>
            <ValueMax/>
            <IsSelectionColumn>N</IsSelectionColumn>
            <ReadOnlyLogic/>
            <EntityType>U</EntityType>
            <IsAlwaysUpdateable>N</IsAlwaysUpdateable>
            <ColumnSQL/>
            <MandatoryLogic/>
            <IsAutocomplete>N</IsAutocomplete>
            <IsAllowLogging>Y</IsAllowLogging>
            <FormatPattern/>
            <AD_Chart_ID reference="id"/>
            <AD_Column_UU>01033e48-a929-491d-a799-9a7ff905714d</AD_Column_UU>
            <IsAllowCopy>Y</IsAllowCopy>
            <SeqNoSelection/>
            <IsToolbarButton>N</IsToolbarButton>
            <IsSecure>N</IsSecure>
            <FKConstraintName/>
            <FKConstraintType>N</FKConstraintType>
        </AD_Column>
        <AD_Element type="table">
            <AD_Element_ID>608</AD_Element_ID>
            <AD_Client_ID>0</AD_Client_ID>
            <AD_Org_ID>0</AD_Org_ID>
            <AD_Element_ID>608</AD_Element_ID>
            <IsActive>Y</IsActive>
            <ColumnName>UpdatedBy</ColumnName>
            <Name>Updated By</Name>
            <Description>User who updated this records</Description>
            <Help>The Updated By field indicates the user who updated this record.</Help>
            <PrintName>Updated By</PrintName>
            <PO_Description/>
            <PO_Help/>
            <PO_Name/>
            <PO_PrintName/>
            <EntityType>D</EntityType>
            <AD_Element_UU>46db21da-0463-4b85-8eae-b6c223dd402f</AD_Element_UU>
            <AD_Element_Trl type="translation">
                <PO_Name/>
                <Name>Actualizado por</Name>
                <Description/>
                <PO_PrintName/>
                <PrintName>Actualizado por</PrintName>
                <PO_Help/>
                <Help/>
                <PO_Description/>
                <AD_Language>es_EC</AD_Language>
                <IsActive>Y</IsActive>
                <IsTranslated>N</IsTranslated>
            </AD_Element_Trl>
        </AD_Element>
        <AD_Column type="table">
            <IsSyncDatabase>Y</IsSyncDatabase>
            <AD_Table_ID reference="uuid" reference-key="AD_Table">08b33a7c-3a62-441b-a49c-b7fb8dfe18dc</AD_Table_ID>
            <AD_Reference_Value_ID reference="id">110</AD_Reference_Value_ID>
            <AD_Client_ID>0</AD_Client_ID>
            <AD_Org_ID>0</AD_Org_ID>
            <Version>0.0</Version>
            <Name>Updated By</Name>
            <Description>User who updated this records</Description>
            <Help>The Updated By field indicates the user who updated this record.</Help>
            <AD_Val_Rule_ID reference="id"/>
            <ColumnName>UpdatedBy</ColumnName>
            <DefaultValue/>
            <FieldLength>10</FieldLength>
            <IsKey>N</IsKey>
            <IsParent>N</IsParent>
            <IsMandatory>N</IsMandatory>
            <IsTranslated>N</IsTranslated>
            <IsIdentifier>N</IsIdentifier>
            <SeqNo/>
            <IsEncrypted>N</IsEncrypted>
            <AD_Reference_ID reference="id">18</AD_Reference_ID>
            <IsActive>Y</IsActive>
            <VFormat/>
            <Callout/>
            <AD_Element_ID reference="id">608</AD_Element_ID>
            <IsUpdateable>N</IsUpdateable>
            <AD_Process_ID reference="id"/>
            <ValueMin/>
            <ValueMax/>
            <IsSelectionColumn>N</IsSelectionColumn>
            <ReadOnlyLogic/>
            <EntityType>U</EntityType>
            <IsAlwaysUpdateable>N</IsAlwaysUpdateable>
            <ColumnSQL/>
            <MandatoryLogic/>
            <IsAutocomplete>N</IsAutocomplete>
            <IsAllowLogging>Y</IsAllowLogging>
            <FormatPattern/>
            <AD_Chart_ID reference="id"/>
            <AD_Column_UU>4681daee-9e51-408a-b40f-12d42cebede8</AD_Column_UU>
            <IsAllowCopy>Y</IsAllowCopy>
            <SeqNoSelection/>
            <IsToolbarButton>N</IsToolbarButton>
            <IsSecure>N</IsSecure>
            <FKConstraintName/>
            <FKConstraintType>N</FKConstraintType>
        </AD_Column>
        <AD_Element type="table">
            <AD_Element_ID>2713</AD_Element_ID>
            <AD_Client_ID>0</AD_Client_ID>
            <AD_Org_ID>0</AD_Org_ID>
            <AD_Element_ID>2713</AD_Element_ID>
            <IsActive>Y</IsActive>
            <ColumnName>StartTime</ColumnName>
            <Name>Start Time</Name>
            <Description>Time started</Description>
            <Help/>
            <PrintName>Start Time</PrintName>
            <PO_Description/>
            <PO_Help/>
            <PO_Name/>
            <PO_PrintName/>
            <EntityType>D</EntityType>
            <AD_Element_UU>8afc5c2a-494d-461a-beda-58e9407c21f4</AD_Element_UU>
            <AD_Element_Trl type="translation">
                <PO_Name/>
                <Name>Fecha de Inicio</Name>
                <Description>Fecha de inicio</Description>
                <PO_PrintName/>
                <PrintName>Fecha de Inicio</PrintName>
                <PO_Help/>
                <Help/>
                <PO_Description/>
                <AD_Language>es_EC</AD_Language>
                <IsActive>Y</IsActive>
                <IsTranslated>Y</IsTranslated>
            </AD_Element_Trl>
        </AD_Element>
        <AD_Column type="table">
            <IsSyncDatabase>Y</IsSyncDatabase>
            <AD_Table_ID reference="uuid" reference-key="AD_Table">08b33a7c-3a62-441b-a49c-b7fb8dfe18dc</AD_Table_ID>
            <AD_Reference_Value_ID reference="id"/>
            <AD_Client_ID>0</AD_Client_ID>
            <AD_Org_ID>0</AD_Org_ID>
            <Version>0.0</Version>
            <Name>Start Time</Name>
            <Description>Time started</Description>
            <Help/>
            <AD_Val_Rule_ID reference="id"/>
            <ColumnName>StartTime</ColumnName>
            <DefaultValue/>
            <FieldLength>29</FieldLength>
            <IsKey>N</IsKey>
            <IsParent>N</IsParent>
            <IsMandatory>N</IsMandatory>
            <IsTranslated>N</IsTranslated>
            <IsIdentifier>N</IsIdentifier>
            <SeqNo/>
            <IsEncrypted>N</IsEncrypted>
            <AD_Reference_ID reference="id">16</AD_Reference_ID>
            <IsActive>Y</IsActive>
            <VFormat/>
            <Callout/>
            <AD_Element_ID reference="id">2713</AD_Element_ID>
            <IsUpdateable>N</IsUpdateable>
            <AD_Process_ID reference="id"/>
            <ValueMin/>
            <ValueMax/>
            <IsSelectionColumn>N</IsSelectionColumn>
            <ReadOnlyLogic/>
            <EntityType>U</EntityType>
            <IsAlwaysUpdateable>N</IsAlwaysUpdateable>
            <ColumnSQL/>
            <MandatoryLogic/>
            <IsAutocomplete>N</IsAutocomplete>
            <IsAllowLogging>Y</IsAllowLogging>
            <FormatPattern/>
            <AD_Chart_ID reference="id"/>
            <AD_Column_UU>cc7927a8-496b-4b12-8838-851c6729fd57</AD_Column_UU>
            <IsAllowCopy>Y</IsAllowCopy>
            <SeqNoSelection/>
            <IsToolbarButton>N</IsToolbarButton>
            <IsSecure>N</IsSecure>
            <FKConstraintName/>
            <FKConstraintType>N</FKConstraintType>
        </AD_Column>
        <AD_Element type="table">
            <AD_Element_ID>2714</AD_Element_ID>
            <AD_Client_ID>0</AD_Client_ID>
            <AD_Org_ID>0</AD_Org_ID>
            <AD_Element_ID>2714</AD_Element_ID>
            <IsActive>Y</IsActive>
            <ColumnName>EndTime</ColumnName>
            <Name>End Time</Name>
            <Description>End of the time span</Description>
            <Help/>
            <PrintName>End Time</PrintName>
            <PO_Description/>
            <PO_Help/>
            <PO_Name/>
            <PO_PrintName/>
            <EntityType>D</EntityType>
            <AD_Element_UU>cd6f0965-434d-41d4-b22b-df2610eb8860</AD_Element_UU>
            <AD_Element_Trl type="translation">
                <PO_Name/>
                <Name>Final de Tiempo</Name>
                <Description>Final de tiempo</Description>
                <PO_PrintName/>
                <PrintName>Final de Tiempo</PrintName>
                <PO_Help/>
                <Help/>
                <PO_Description/>
                <AD_Language>es_EC</AD_Language>
                <IsActive>Y</IsActive>
                <IsTranslated>Y</IsTranslated>
            </AD_Element_Trl>
        </AD_Element>
        <AD_Column type="table">
            <IsSyncDatabase>Y</IsSyncDatabase>
            <AD_Table_ID reference="uuid" reference-key="AD_Table">08b33a7c-3a62-441b-a49c-b7fb8dfe18dc</AD_Table_ID>
            <AD_Reference_Value_ID reference="id"/>
            <AD_Client_ID>0</AD_Client_ID>
            <AD_Org_ID>0</AD_Org_ID>
            <Version>0.0</Version>
            <Name>End Time</Name>
            <Description>End of the time span</Description>
            <Help/>
            <AD_Val_Rule_ID reference="id"/>
            <ColumnName>EndTime</ColumnName>
            <DefaultValue/>
            <FieldLength>29</FieldLength>
            <IsKey>N</IsKey>
            <IsParent>N</IsParent>
            <IsMandatory>N</IsMandatory>
            <IsTranslated>N</IsTranslated>
            <IsIdentifier>N</IsIdentifier>
            <SeqNo/>
            <IsEncrypted>N</IsEncrypted>
            <AD_Reference_ID reference="id">16</AD_Reference_ID>
            <IsActive>Y</IsActive>
            <VFormat/>
            <Callout/>
            <AD_Element_ID reference="id">2714</AD_Element_ID>
            <IsUpdateable>N</IsUpdateable>
            <AD_Process_ID reference="id"/>
            <ValueMin/>
            <ValueMax/>
            <IsSelectionColumn>N</IsSelectionColumn>
            <ReadOnlyLogic/>
            <EntityType>U</EntityType>
            <IsAlwaysUpdateable>N</IsAlwaysUpdateable>
            <ColumnSQL/>
            <MandatoryLogic/>
            <IsAutocomplete>N</IsAutocomplete>
            <IsAllowLogging>Y</IsAllowLogging>
            <FormatPattern/>
            <AD_Chart_ID reference="id"/>
            <AD_Column_UU>9a020395-1438-4440-9ac6-340074aa92f4</AD_Column_UU>
            <IsAllowCopy>Y</IsAllowCopy>
            <SeqNoSelection/>
            <IsToolbarButton>N</IsToolbarButton>
            <IsSecure>N</IsSecure>
            <FKConstraintName/>
            <FKConstraintType>N</FKConstraintType>
        </AD_Column>
        <AD_Element type="table">
            <AD_Element_ID>881</AD_Element_ID>
            <AD_Client_ID>0</AD_Client_ID>
            <AD_Org_ID>0</AD_Org_ID>
            <AD_Element_ID>881</AD_Element_ID>
            <IsActive>Y</IsActive>
            <ColumnName>EMail</ColumnName>
            <Name>EMail Address</Name>
            <Description>Electronic Mail Address</Description>
            <Help>The Email Address is the Electronic Mail ID for this User and should be fully qualified (e.g. joe.smith@company.com). The Email Address is used to access the self service application functionality from the web.</Help>
            <PrintName>EMail</PrintName>
            <PO_Description/>
            <PO_Help/>
            <PO_Name/>
            <PO_PrintName/>
            <EntityType>D</EntityType>
            <AD_Element_UU>3b37971c-1cee-4ecd-8b95-8a0efc97ef3d</AD_Element_UU>
            <AD_Element_Trl type="translation">
                <PO_Name/>
                <Name>Email</Name>
                <Description>ID de correo electrónico</Description>
                <PO_PrintName/>
                <PrintName>Correo Electrónico</PrintName>
                <PO_Help/>
                <Help>El Email indica la ID de correo electrónico para este usuario</Help>
                <PO_Description/>
                <AD_Language>es_EC</AD_Language>
                <IsActive>Y</IsActive>
                <IsTranslated>N</IsTranslated>
            </AD_Element_Trl>
        </AD_Element>
        <AD_Reference type="table">
            <AD_Reference_ID>10</AD_Reference_ID>
            <AD_Client_ID>0</AD_Client_ID>
            <AD_Org_ID>0</AD_Org_ID>
            <AD_Reference_ID>10</AD_Reference_ID>
            <Name>String</Name>
            <Description>Character String</Description>
            <Help/>
            <ValidationType>D</ValidationType>
            <IsActive>Y</IsActive>
            <VFormat/>
            <EntityType>D</EntityType>
            <IsOrderByValue>N</IsOrderByValue>
            <AD_Reference_UU>3f9a0323-219e-4b97-af37-58a2486a50e3</AD_Reference_UU>
            <AD_Reference_Trl type="translation">
                <Help/>
                <Name>Cadena</Name>
                <Description>Cadena de Caracteres</Description>
                <AD_Language>es_EC</AD_Language>
                <IsActive>Y</IsActive>
                <IsTranslated>N</IsTranslated>
            </AD_Reference_Trl>
        </AD_Reference>
        <AD_Column type="table">
            <IsSyncDatabase>Y</IsSyncDatabase>
            <AD_Table_ID reference="uuid" reference-key="AD_Table">08b33a7c-3a62-441b-a49c-b7fb8dfe18dc</AD_Table_ID>
            <AD_Reference_Value_ID reference="id"/>
            <AD_Client_ID>0</AD_Client_ID>
            <AD_Org_ID>0</AD_Org_ID>
            <Version>0.0</Version>
            <Name>EMail Address</Name>
            <Description>Electronic Mail Address</Description>
            <Help>The Email Address is the Electronic Mail ID for this User and should be fully qualified (e.g. joe.smith@company.com). The Email Address is used to access the self service application functionality from the web.</Help>
            <AD_Val_Rule_ID reference="id"/>
            <ColumnName>EMail</ColumnName>
            <DefaultValue/>
            <FieldLength>60</FieldLength>
            <IsKey>N</IsKey>
            <IsParent>N</IsParent>
            <IsMandatory>N</IsMandatory>
            <IsTranslated>N</IsTranslated>
            <IsIdentifier>N</IsIdentifier>
            <SeqNo/>
            <IsEncrypted>N</IsEncrypted>
            <AD_Reference_ID reference="id">10</AD_Reference_ID>
            <IsActive>Y</IsActive>
            <VFormat/>
            <Callout/>
            <AD_Element_ID reference="id">881</AD_Element_ID>
            <IsUpdateable>N</IsUpdateable>
            <AD_Process_ID reference="id"/>
            <ValueMin/>
            <ValueMax/>
            <IsSelectionColumn>N</IsSelectionColumn>
            <ReadOnlyLogic/>
            <EntityType>U</EntityType>
            <IsAlwaysUpdateable>N</IsAlwaysUpdateable>
            <ColumnSQL/>
            <MandatoryLogic/>
            <IsAutocomplete>N</IsAutocomplete>
            <IsAllowLogging>Y</IsAllowLogging>
            <FormatPattern/>
            <AD_Chart_ID reference="id"/>
            <AD_Column_UU>43a5b7ff-91fc-4ab8-8717-f42decb05ea6</AD_Column_UU>
            <IsAllowCopy>Y</IsAllowCopy>
            <SeqNoSelection/>
            <IsToolbarButton>N</IsToolbarButton>
            <IsSecure>N</IsSecure>
            <FKConstraintName/>
            <FKConstraintType>N</FKConstraintType>
        </AD_Column>
        <AD_Element type="table">
            <AD_Element_ID>498</AD_Element_ID>
            <AD_Client_ID>0</AD_Client_ID>
            <AD_Org_ID>0</AD_Org_ID>
            <AD_Element_ID>498</AD_Element_ID>
            <IsActive>Y</IsActive>
            <ColumnName>Password</ColumnName>
            <Name>Password</Name>
            <Description>Password of any length (case sensitive)</Description>
            <Help>The Password for this User.  Passwords are required to identify authorized users.  For iDempiere Users, you can change the password via the Process "Reset Password".</Help>
            <PrintName>Password</PrintName>
            <PO_Description/>
            <PO_Help/>
            <PO_Name/>
            <PO_PrintName/>
            <EntityType>D</EntityType>
            <AD_Element_UU>f9b9bc19-51b3-4192-a4ee-17e500a6dd01</AD_Element_UU>
            <AD_Element_Trl type="translation">
                <PO_Name/>
                <Name>Contraseña</Name>
                <Description>Contraseña de cualquier longitud (Sensible a mayúsculas y minúsculas)</Description>
                <PO_PrintName/>
                <PrintName>Contraseña</PrintName>
                <PO_Help/>
                <Help>La contraseña indica la contraseña para esta ID de usuario. Las contraseñas se requieren para identificar usuarios autorizados</Help>
                <PO_Description/>
                <AD_Language>es_EC</AD_Language>
                <IsActive>Y</IsActive>
                <IsTranslated>N</IsTranslated>
            </AD_Element_Trl>
        </AD_Element>
        <AD_Column type="table">
            <IsSyncDatabase>Y</IsSyncDatabase>
            <AD_Table_ID reference="uuid" reference-key="AD_Table">08b33a7c-3a62-441b-a49c-b7fb8dfe18dc</AD_Table_ID>
            <AD_Reference_Value_ID reference="id"/>
            <AD_Client_ID>0</AD_Client_ID>
            <AD_Org_ID>0</AD_Org_ID>
            <Version>0.0</Version>
            <Name>Password</Name>
            <Description>Password of any length (case sensitive)</Description>
            <Help>The Password for this User.  Passwords are required to identify authorized users.  For iDempiere Users, you can change the password via the Process "Reset Password".</Help>
            <AD_Val_Rule_ID reference="id"/>
            <ColumnName>Password</ColumnName>
            <DefaultValue/>
            <FieldLength>1024</FieldLength>
            <IsKey>N</IsKey>
            <IsParent>N</IsParent>
            <IsMandatory>N</IsMandatory>
            <IsTranslated>N</IsTranslated>
            <IsIdentifier>N</IsIdentifier>
            <SeqNo/>
            <IsEncrypted>N</IsEncrypted>
            <AD_Reference_ID reference="id">10</AD_Reference_ID>
            <IsActive>Y</IsActive>
            <VFormat/>
            <Callout/>
            <AD_Element_ID reference="id">498</AD_Element_ID>
            <IsUpdateable>N</IsUpdateable>
            <AD_Process_ID reference="id"/>
            <ValueMin/>
            <ValueMax/>
            <IsSelectionColumn>N</IsSelectionColumn>
            <ReadOnlyLogic/>
            <EntityType>U</EntityType>
            <IsAlwaysUpdateable>N</IsAlwaysUpdateable>
            <ColumnSQL/>
            <MandatoryLogic/>
            <IsAutocomplete>N</IsAutocomplete>
            <IsAllowLogging>Y</IsAllowLogging>
            <FormatPattern/>
            <AD_Chart_ID reference="id"/>
            <AD_Column_UU>5da20079-8fa5-466f-ac8b-38216e0e2510</AD_Column_UU>
            <IsAllowCopy>Y</IsAllowCopy>
            <SeqNoSelection/>
            <IsToolbarButton>N</IsToolbarButton>
            <IsSecure>N</IsSecure>
            <FKConstraintName/>
            <FKConstraintType>N</FKConstraintType>
        </AD_Column>
        <AD_Element type="table">
            <AD_Element_ID>275</AD_Element_ID>
            <AD_Client_ID>0</AD_Client_ID>
            <AD_Org_ID>0</AD_Org_ID>
            <AD_Element_ID>275</AD_Element_ID>
            <IsActive>Y</IsActive>
            <ColumnName>Description</ColumnName>
            <Name>Description</Name>
            <Description>Optional short description of the record</Description>
            <Help>A description is limited to 255 characters.</Help>
            <PrintName>Description</PrintName>
            <PO_Description/>
            <PO_Help/>
            <PO_Name/>
            <PO_PrintName/>
            <EntityType>D</EntityType>
            <AD_Element_UU>dd7a3063-5c49-4fba-b661-67c482533985</AD_Element_UU>
            <AD_Element_Trl type="translation">
                <PO_Name/>
                <Name>Descripción</Name>
                <Description>Descripción corta opcional del registro</Description>
                <PO_PrintName/>
                <PrintName>Descripción</PrintName>
                <PO_Help/>
                <Help>Una descripción esta limitada a 255 caracteres</Help>
                <PO_Description/>
                <AD_Language>es_EC</AD_Language>
                <IsActive>Y</IsActive>
                <IsTranslated>N</IsTranslated>
            </AD_Element_Trl>
        </AD_Element>
        <AD_Column type="table">
            <IsSyncDatabase>Y</IsSyncDatabase>
            <AD_Table_ID reference="uuid" reference-key="AD_Table">08b33a7c-3a62-441b-a49c-b7fb8dfe18dc</AD_Table_ID>
            <AD_Reference_Value_ID reference="id"/>
            <AD_Client_ID>0</AD_Client_ID>
            <AD_Org_ID>0</AD_Org_ID>
            <Version>0.0</Version>
            <Name>Description</Name>
            <Description>Optional short description of the record</Description>
            <Help>A description is limited to 255 characters.</Help>
            <AD_Val_Rule_ID reference="id"/>
            <ColumnName>Description</ColumnName>
            <DefaultValue/>
            <FieldLength>2147483647</FieldLength>
            <IsKey>N</IsKey>
            <IsParent>N</IsParent>
            <IsMandatory>N</IsMandatory>
            <IsTranslated>N</IsTranslated>
            <IsIdentifier>N</IsIdentifier>
            <SeqNo/>
            <IsEncrypted>N</IsEncrypted>
            <AD_Reference_ID reference="id">10</AD_Reference_ID>
            <IsActive>Y</IsActive>
            <VFormat/>
            <Callout/>
            <AD_Element_ID reference="id">275</AD_Element_ID>
            <IsUpdateable>N</IsUpdateable>
            <AD_Process_ID reference="id"/>
            <ValueMin/>
            <ValueMax/>
            <IsSelectionColumn>Y</IsSelectionColumn>
            <ReadOnlyLogic/>
            <EntityType>U</EntityType>
            <IsAlwaysUpdateable>N</IsAlwaysUpdateable>
            <ColumnSQL/>
            <MandatoryLogic/>
            <IsAutocomplete>N</IsAutocomplete>
            <IsAllowLogging>Y</IsAllowLogging>
            <FormatPattern/>
            <AD_Chart_ID reference="id"/>
            <AD_Column_UU>90826703-e2b2-4e82-859c-8754797e7ed1</AD_Column_UU>
            <IsAllowCopy>Y</IsAllowCopy>
            <SeqNoSelection/>
            <IsToolbarButton>N</IsToolbarButton>
            <IsSecure>N</IsSecure>
            <FKConstraintName/>
            <FKConstraintType>N</FKConstraintType>
        </AD_Column>
    </AD_Table>
</idempiere>
